id-5089.eu,172.67.216.7,Succes,Booking.com,Enter your password | Booking.com
id-5109.eu,104.21.82.198,Succes,Booking.com,Enter your password | Booking.com
id-5253.eu,172.67.214.72,Succes,Booking.com,Enter your password | Booking.com
id-5265.eu,104.21.15.165,Succes,Booking.com,Enter your password | Booking.com
id-5337.eu,104.21.42.131,Succes,Booking.com,Enter your password | Booking.com
id-5526.eu,104.21.40.165,Succes,Booking.com,Enter your password | Booking.com
id-5530.eu,172.67.134.190,Succes,Booking.com,Enter your password | Booking.com
id-5569.eu,104.21.3.177,Succes,Booking.com,Enter your password | Booking.com
id-5715.eu,104.21.10.125,Succes,Booking.com,Enter your password | Booking.com
id-5735.eu,172.67.214.38,Succes,Booking.com,Enter your password | Booking.com
id-5825.eu,172.67.184.212,Succes,Booking.com,Enter your password | Booking.com
id-5867.eu,172.67.149.170,Succes,Booking.com,Enter your password | Booking.com
id-6064.eu,172.67.135.83,Succes,Booking.com,Enter your password | Booking.com
id-6068.eu,104.21.55.101,Succes,Booking.com,Enter your password | Booking.com
id-6088.eu,172.67.183.60,Succes,Booking.com,Enter your password | Booking.com
id-6097.eu,172.67.218.58,Succes,Booking.com,Enter your password | Booking.com
id-6112.eu,104.21.32.181,Succes,Booking.com,Enter your password | Booking.com
id-6163.eu,172.67.209.45,Succes,Booking.com,Enter your password | Booking.com
id-6225.eu,104.21.53.162,Succes,Booking.com,Enter your password | Booking.com
id-6615.eu,172.67.150.251,Succes,Booking.com,Enter your password | Booking.com
id-6660.eu,104.21.95.160,Succes,Booking.com,Enter your password | Booking.com
id-7313.eu,172.67.157.153,Succes,Booking.com,Enter your password | Booking.com
id-7339.eu,172.67.202.160,Succes,Booking.com,Enter your password | Booking.com
id-7349.eu,104.21.72.54,Succes,Booking.com,Enter your password | Booking.com
id-7435.eu,104.21.70.144,Succes,Booking.com,Enter your password | Booking.com
id-7549.eu,172.67.220.188,Succes,Booking.com,Enter your password | Booking.com
id-7622.eu,172.67.153.133,Succes,Booking.com,Enter your password | Booking.com
id-7689.eu,104.21.68.124,Succes,Booking.com,Enter your password | Booking.com
id-8136.eu,104.21.31.205,Succes,Booking.com,Enter your password | Booking.com
id-8308.eu,104.21.59.95,Succes,Booking.com,Enter your password | Booking.com
id-8445.eu,104.21.36.17,Succes,Booking.com,Enter your password | Booking.com
id-8487.eu,104.21.91.243,Succes,Booking.com,Enter your password | Booking.com
id-8496.eu,172.67.159.140,Succes,Booking.com,Enter your password | Booking.com
id-8501.eu,104.21.39.160,Succes,Booking.com,Enter your password | Booking.com
id-8652.eu,172.67.168.157,Succes,Booking.com,Enter your password | Booking.com
id-8934.eu,172.67.141.35,Succes,Booking.com,Enter your password | Booking.com
id-8971.eu,104.21.24.54,Succes,Booking.com,Enter your password | Booking.com
id-9203.eu,172.67.150.136,Succes,Booking.com,Enter your password | Booking.com
id-9402.eu,172.67.182.76,Succes,Booking.com,Enter your password | Booking.com
id-9625.eu,172.67.133.133,Succes,Booking.com,Enter your password | Booking.com
id-9796.eu,104.21.65.252,Succes,Booking.com,Enter your password | Booking.com
